id,paragraph_1,kg_1,paragraph_2,kg_2
0,"Ipomoea purpurea is actively involved in ecological interactions with species like Cemolobus ipomoeae and the pollinator Peponapis pruinosa. The pollinator Melitoma taurea visits Ipomoea purpurea, establishing a connection between these species. Melitoma taurea also interacts with Cirsium discolor and visits the flowers of Eupatorium serotinum. Eupatorium serotinum, in turn, has interactions with several other species, including Bicyrtes quadrifasciatus, Chauliognathus pennsylvanicus, and Vaccinium arboreum. Vaccinium arboreum extends its ecological interactions to include Sassafras albidum and Carya alba. Additionally, Napaea dioica is linked through its interactions with Bombus impatiens and has a connection to Melitoma taurea, highlighting the intricate web of relationships between these species in their shared habitats.","[[""Ipomoea_purpurea"", ""interacts_with"", ""Cemolobus_ipomoeae""], [""Ipomoea_purpurea"", ""interacts_with"", ""Peponapis_pruinosa""], [""Ipomoea_purpurea"", ""visited_by"", ""Melitoma_taurea""], [""Melitoma_taurea"", ""interacts_with"", ""Cirsium_discolor""], [""Melitoma_taurea"", ""visits"", ""Eupatorium_serotinum""], [""Eupatorium_serotinum"", ""interacts_with"", ""Bicyrtes_quadrifasciatus""], [""Eupatorium_serotinum"", ""interacts_with"", ""Chauliognathus_pennsylvanicus""], [""Eupatorium_serotinum"", ""interacts_with"", ""Vaccinium_arboreum""], [""Vaccinium_arboreum"", ""interacts_with"", ""Sassafras_albidum""], [""Vaccinium_arboreum"", ""interacts_with"", ""Carya_alba""], [""Napaea_dioica"", ""interacts_with"", ""Bombus_impatiens""], [""Napaea_dioica"", ""interacts_with"", ""Melitoma_taurea""]]","Ipomoea purpurea is a species known to interact with Cemolobus ipomoeae and Peponapis pruinosa. This plant is also visited by Melitoma taurea, which is a species that interacts with Cirsium discolor and visits the flowers of Eupatorium serotinum. Eupatorium serotinum has interactions with several species including Bicyrtes quadrifasciatus, Chauliognathus pennsylvanicus, and Vaccinium arboreum. Vaccinium arboreum is further linked through interactions with Sassafras albidum and Carya alba. Napaea dioica also interacts with Bombus impatiens and Melitoma taurea, adding to the complex web of interactions in this ecosystem.","[[""Ipomoea_purpurea"", ""interacts_with"", ""Cemolobus_ipomoeae""], [""Ipomoea_purpurea"", ""interacts_with"", ""Peponapis_pruinosa""], [""Ipomoea_purpurea"", ""visited_by"", ""Melitoma_taurea""], [""Melitoma_taurea"", ""interacts_with"", ""Cirsium_discolor""], [""Melitoma_taurea"", ""visits"", ""Eupatorium_serotinum""], [""Eupatorium_serotinum"", ""interacts_with"", ""Bicyrtes_quadrifasciatus""], [""Eupatorium_serotinum"", ""interacts_with"", ""Chauliognathus_pennsylvanicus""], [""Eupatorium_serotinum"", ""interacts_with"", ""Vaccinium_arboreum""], [""Vaccinium_arboreum"", ""interacts_with"", ""Sassafras_albidum""], [""Vaccinium_arboreum"", ""interacts_with"", ""Carya_alba""], [""Napaea_dioica"", ""interacts_with"", ""Bombus_impatiens""], [""Napaea_dioica"", ""interacts_with"", ""Melitoma_taurea""]]"
1,"Cladosporium nigrellum is a species of fungus that uses several plants as hosts, including Populus tremula, Fagus sylvatica, and Saxifraga sibirica. Populus tremula not only serves as a host but also interacts with other entities such as Zeugophora flavicollis, an organism known to feed on Salix alba. Additionally, Populus tremula has interactions with Dothiora sphaerioides and Peniophora violaceolivida. Saxifraga sibirica, another host for Cladosporium nigrellum, interacts with Woodsia alpina and Adoxa moschatellina, forming a complex web of ecological relationships.",[],"Cladosporium nigrellum utilizes multiple plant species as its hosts, including Populus tremula, Fagus sylvatica, and Saxifraga sibirica. Populus tremula, being one of the hosts for Cladosporium nigrellum, has interactions with various other organisms such as Zeugophora flavicollis, which feeds on Salix alba, as well as the fungal species Dothiora sphaerioides and Peniophora violaceolivida. Additionally, Saxifraga sibirica, another host for Cladosporium nigrellum, interacts with Woodsia alpina and Adoxa moschatellina, further emphasizing the complex ecological relationships within this environment.",[]
2,"Tanacetum vulgare interacts with various species, including Eristalis brousii, Nodulosphaeria dolioloides, and Eristalis tenax, contributing to a complex ecological network. Meanwhile, Centaurea scabiosa is another plant involved in interactions with species like Golovinomyces cichoracearum, Trupanea stellata, and Bremia lactucae, highlighting its role in supporting a diverse range of organisms. Coelopencyrtus arenarius is a parasite of several Hylaeus species, including Hylaeus nigrita, Hylaeus nigritus, and Hylaeus gibbus, indicating its dependence on these hosts. Among its many roles, Hylaeus nigritus is known to pollinate Centaurea jacea and Centaurea scabiosa, while also visiting the flowers of Tanacetum vulgare. Hylaeus gibbus, another pollinator, helps in the reproduction of plants such as Philadelphus incanus, Erigeron canadensis, and Senecio inaequidens. Together, these interactions weave a rich tapestry of ecological relationships, underscoring the interconnectedness of diverse species within their environments.",[],"In the intricate web of ecological interactions, Tanacetum vulgare, commonly known as tansy, interacts with Nodulosphaeria dolioloides and the hoverfly Eristalis tenax. Meanwhile, Centaurea scabiosa forms connections with Golovinomyces cichoracearum. The parasitic wasp Coelopencyrtus arenarius is a parasite of several species, including Hylaeus nigrita, Hylaeus nigritus, and Hylaeus gibbus. Hylaeus nigritus not only visits the flowers of Tanacetum vulgare but also plays a role in pollinating Centaurea scabiosa. Hylaeus gibbus engages in pollination activities as well, extending its effects to Philadelphus incanus, Erigeron canadensis, and Senecio inaequidens. Through these interactions, these species contribute to the dynamic processes of pollination, parasitism, and other ecological relationships within their environments.",[]
3,"Betula pendula is a versatile species that interacts with various organisms such as Euceraphis punctipennis and Cortinarius armillatus, and also creates a habitat for Nyctalus leisleri. Euceraphis punctipennis continues its interactions with Alnus rubra and Betula alleghaniensis, showing a connection between multiple tree species. Nyctalus leisleri benefits not only from the habitat provided by Betula pendula but also feeds on a range of species including Eupsilia transversa, Sabra harpagula, and Agrotis ipsilon. Eupsilia transversa has a diet that includes Prunus padus, and it utilizes Tilia platyphyllos and Corylus avellana as host plants. Meanwhile, Sabra harpagula finds hosts in Tilia cordata and Quercus cerris. Furthermore, Fomitopsis rufolaccata, a fungus, has host relationships with Betula pendula, Picea schrenkiana, and Cedrus deodara, showcasing the interconnectedness of this ecosystem.",[],"Betula pendula plays a multifaceted role in its ecosystem by interacting with organisms such as Euceraphis punctipennis and Cortinarius armillatus. This birch species also creates habitats for Nyctalus leisleri, a bat known for its dietary preference that includes Eupsilia transversa, Sabra harpagula, and Agrotis ipsilon. Euceraphis punctipennis, besides interacting with Betula pendula, also interacts with Alnus rubra and Betula alleghaniensis. Eupsilia transversa feeds on Prunus padus and finds hosts in Tilia platyphyllos and Corylus avellana. Fomitopsis rufolaccata uses Betula pendula, Picea schrenkiana, and Cedrus deodara as hosts in its lifecycle. Meanwhile, Sabra harpagula establishes a host relationship with Tilia cordata and Quercus cerris. The interaction among these diverse species highlights the intricate and interdependent relationships within their shared environment.",[]
4,"Helianthus annuus engages in a mutualistic relationship with Diadasia enavata, highlighting a beneficial interaction between these species. Helianthus annuus also exhibits interactions with Sarcobatus vermiculatus and Euphorbia dentata, indicating its ecological connectivity with these plants. Sarcobatus vermiculatus further interacts with Ceratocephala orthoceras and Artemisia tridentata, showcasing its role in a broader web of plant interactions. Diadasia enavata supplements its ecological role by consuming Helminthotheca echioides and having Helianthus petiolaris as a host species, emphasizing its diverse ecological relationships. Moreover, Diadasia enavata is found adjacent to Monarda citriodora, illustrating spatial proximity. Complementing the ecological web, Hahncappsia coloradensis also interacts with Helianthus annuus, further accentuating the interconnected nature of these species within their habitat.",[],"Helianthus annuus is a species that interacts with Euphorbia dentata, highlighting their ecological connection. Sarcobatus vermiculatus is involved in interactions with both Ceratocephala orthoceras and Artemisia tridentata, indicating its role in the ecosystem. The species Diadasia enavata, a type of bee, feeds on Helminthotheca echioides and has Helianthus petiolaris as a host. This bee is also known to be adjacent to Monarda citriodora, suggesting close proximity or possible interactions. Lastly, Hahncappsia coloradensis interacts with Helianthus annuus, further emphasizing the complex web of interactions among these species.",[]
5,"Chimpanzee associated porprismacovirus 2 is a virus that hosts in Pan troglodytes, also known as the chimpanzee. These chimpanzees have a diverse diet that includes consuming Xylopia quintasii, Cynometra alexandri, and Bridelia scleroneura. Interestingly, Xylopia quintasii serves as a key plant in this ecosystem, having vectors such as Lophoceros fasciatus, Cercopithecus neglectus, and Tauraco persa for its propagation. Furthermore, Lophoceros fasciatus, a significant vector for Xylopia quintasii, feeds on several plants including Celtis toka, Ficus platyphylla, and Strombosia pustulata, illustrating the complex web of interactions within this environmental niche.",[],"Chimpanzee associated porprismacovirus 2 is a virus that co-occurs with Pan troglodytes, commonly known as chimpanzees. These primates have a diverse diet, consuming various plant species such as Xylopia quintasii, Cynometra alexandri, and Bridelia scleroneura. Xylopia quintasii is notable for having several vectors including Lophoceros fasciatus, Cercopithecus neglectus, and Tauraco persa. Lophoceros fasciatus, a bird, is known to eat a variety of fruits like Celtis toka, Ficus platyphylla, and Strombosia pustulata. This interconnected web of species interactions highlights the complex ecological relationships present in their environment.",[]
6,"The Swine acute diarrhea syndrome related coronavirus is known to interact with various plant species such as Maianthemum canadense and Rosa arkansana. In addition to its interactions with plant species, it also has Quercus fusiformis as a host. Rosa arkansana further interacts with species including Dasineura rhodophaga, Pediomelum argophyllum, and Pulsatilla patens. Pulsatilla patens itself interacts with other plant species like Juniperus communis and Arctostaphylos uva-ursi. Meanwhile, Mesopolobus citrinus acts as a parasite to several organisms, including Swine acute diarrhea syndrome related coronavirus, Rabdophaga saliciperda, and Molinia caerulea. Rabdophaga saliciperda is associated with Salix alba as its host.",[],"The Swine acute diarrhea syndrome related coronavirus is known to interact with several species, including Maianthemum canadense and Rosa arkansana. It also has Quercus fusiformis as a host. Interestingly, Rosa arkansana itself interacts with species such as Dasineura rhodophaga, Pediomelum argophyllum, and Pulsatilla patens. Moreover, the latter species, Pulsatilla patens, interacts with Juniperus communis and Arctostaphylos uva-ursi. In the web of interactions, Mesopolobus citrinus acts as a parasite to Rabdophaga saliciperda, Molinia caerulea, and the Swine acute diarrhea syndrome related coronavirus. Rabdophaga saliciperda is additionally hosted by Salix alba, creating intricate relationships within this ecosystem.",[]
7,"Clinopodium nubigenum is associated as a vector with Tapirus pinchaque, highlighting a unique connection in their ecosystem. Acrocephalus arundinaceus interacts with Acrocephalus stentoreus, indicating possible interspecies connections or shared habitats. Gallibacterium salpingitidis is noted to have hosts such as Anas platyrhynchos and Bos taurus, showcasing its adaptability in infecting different species. Furthermore, Gallibacterium salpingitidis acts as a pathogen to Anser anser, suggesting its potential impact on this species. Elymus lanceolatus commonly co-occurs with Glechoma hederacea and Pilosella officinarum, which indicates a shared ecological niche or environment. Bos taurus, aside from interacting with Lespedeza cuneata, consumes Elymus lanceolatus and Clinopodium nubigenum, reflecting its dietary habits. Anas platyrhynchos feeds on Hordeum vulgare and Beckmannia syzigachne, while also interacting with Phalacrocorax auritus, suggesting interactions within its habitat. Anser anser co-occurs with Acrocephalus arundinaceus and feeds on plants including Sagittaria guayanensis and Ipomoea aquatica, indicating diverse dietary preferences within its environment. This network of interactions and dietary habits among these species paints a vivid picture of ecological interdependencies and co-occurrences in their respective habitats.",[],"Acrocephalus arundinaceus interacts with Acrocephalus stentoreus, indicating a dynamic relationship between these two bird species. On another note, Gallibacterium salpingitidis is known to have Anas platyrhynchos as its host, establishing a parasitic relationship with this duck species, which interestingly consumes Beckmannia syzigachne as part of its diet. Meanwhile, Elymus lanceolatus exhibits a co-occurrence pattern with two different plant species: Glechoma hederacea and Pilosella officinarum. This suggests potential ecological interactions and shared habitats among these species.",[]
8,"Rubus flagellaris demonstrates interactions with various species, including Coelioxys sayi, Zodion fulvifrons, and Oplismenus hirtellus. Among these interactions, Coelioxys sayi further connects with Justicia americana, Helianthus occidentalis, and Pediomelum tenuiflorum, adding depth to the ecological network. Furthermore, Zodion fulvifrons not only interacts with Erigeron philadelphicus but also actively consumes Scutellaria lateriflora. Meanwhile, Rubus flagellaris is subject to consumption by Diptacus gigantorhynchus, which also feeds on Prunus persica, indicating a complex food web within this ecological landscape.",[],"Rubus flagellaris interacts with various species such as Coelioxys sayi, Zodion fulvifrons, and Oplismenus hirtellus, indicating its significance in ecological networks. Coelioxys sayi further interacts with a diverse array of species including Justicia americana, Helianthus occidentalis, and Pediomelum tenuiflorum, highlighting its role in fostering biodiversity. Zodion fulvifrons interacts with Erigeron philadelphicus and has a dietary relationship with Scutellaria lateriflora. Interestingly, Diptacus gigantorhynchus is known to feed on both Rubus flagellaris and Prunus persica, showcasing a complex interdependence within this ecological community.",[]
9,"Morone saxatilis, commonly known as striped bass, displays predatory behavior by consuming Alosa sapidissima and preying on both Fundulus seminolis and Symphurus plagiusa. Meanwhile, Scorpaenichthys marmoratus, known as cabezon, is involved in a complex web of interactions; it feeds on Haliotis kamtschatkana and interacts with Engraulis mordax, as well as Morone saxatilis. Anoplopoma fimbria, or sablefish, preys on Pasiphaea pacifica and Scorpaenichthys marmoratus while feeding on Thysanoessa inermis. This species, Thysanoessa inermis, a type of krill, co-occurs with Meganyctiphanes norvegica and consumes Calanus hyperboreus and Calanus finmarchicus. Notably, Calanus hyperboreus itself preys on Calanus glacialis. Meganyctiphanes norvegica is known to prey on Metridia lucens. Completing this intricate food web, Astarte compacta feeds on Neocrangon communis and preys on Anoplopoma fimbria. The interplay of these various organisms highlights the complexity and interdependence found within marine ecosystems.",[],Scorpaenichthys marmoratus is a species that interacts with Engraulis mordax and Morone saxatilis. These interactions may occur in aquatic ecosystems where these species coexist and influence each other's ecological roles and behaviors.,[]
10,"Septoria caricinella is a species known to host multiple Carex species including Carex nardina, Carex muehlenbergii, and Carex straminea. Carex nardina interacts with species such as Luzula nivalis, Carex lachenalii, and Dryas octopetala. Luzula nivalis further communicates with Saxifraga cernua, Arctostaphylos uva-ursi, and Vaccinium vitis-idaea. Meanwhile, Carex lachenalii has interactions with Ranunculus eschscholtzii. Carex muehlenbergii shows interactions with Iziphya flabella, Calendra medoraensis, and Sphenophorus costicollis. Dryas octopetala, interacting with Boletus edulis and Vaccinium uliginosum, also shares ecological relations with Drymeia segnis. This species Drymeia segnis is known to pollinate Silene acaulis. This intricate web of interactions highlights the dynamic relationships among these species.",[],"Septoria caricinella is known to have several hosts, including Carex nardina, Carex muehlenbergii, and Carex straminea. Carex nardina interacts with a variety of species such as Luzula nivalis, Carex cherokeensis, and Dryas octopetala. Luzula nivalis is involved in interactions with Saxifraga cernua, Rigiolepis macrophylla, and Vaccinium vitis-idaea. Meanwhile, Carex cherokeensis has interactions with Ranunculus eschscholtzii. Dryas octopetala shows ecological relationships with Drymeia segnis and interacts with Boletus edulis and Vaccinium uliginosum. On the other hand, Drymeia segnis is responsible for pollinating Polycarpon tetraphyllum. Carex muehlenbergii interacts with several species, including Iziphya flabella, Calendra medoraensis, and Xyleborus canarivorus, contributing to the complex web of ecological interactions within these environments.",[]
1,"Cladosporium nigrellum is a species of fungus that uses several plants as hosts, including Populus tremula, Fagus sylvatica, and Saxifraga sibirica. Populus tremula not only serves as a host but also interacts with other entities such as Zeugophora flavicollis, an organism known to feed on Salix alba. Additionally, Populus tremula has interactions with Dothiora sphaerioides and Peniophora violaceolivida. Saxifraga sibirica, another host for Cladosporium nigrellum, interacts with Woodsia alpina and Adoxa moschatellina, forming a complex web of ecological relationships.","[[""Cladosporium_nigrellum"", ""uses_as_host"", ""Populus_tremula""], [""Cladosporium_nigrellum"", ""uses_as_host"", ""Fagus_sylvatica""], [""Cladosporium_nigrellum"", ""uses_as_host"", ""Saxifraga_sibirica""], [""Populus_tremula"", ""interacts_with"", ""Zeugophora_flavicollis""], [""Zeugophora_flavicollis"", ""feeds_on"", ""Salix_alba""], [""Populus_tremula"", ""interacts_with"", ""Dothiora_sphaerioides""], [""Populus_tremula"", ""interacts_with"", ""Peniophora_violaceolivida""], [""Saxifraga_sibirica"", ""interacts_with"", ""Woodsia_alpina""], [""Saxifraga_sibirica"", ""interacts_with"", ""Adoxa_moschatellina""]]","Cladosporium nigrellum utilizes multiple plant species as its hosts, including Populus tremula, Fagus sylvatica, and Saxifraga sibirica. Populus tremula, being one of the hosts for Cladosporium nigrellum, has interactions with various other organisms such as Zeugophora flavicollis, which feeds on Salix alba, as well as the fungal species Dothiora sphaerioides and Peniophora violaceolivida. Additionally, Saxifraga sibirica, another host for Cladosporium nigrellum, interacts with Woodsia alpina and Adoxa moschatellina, further emphasizing the complex ecological relationships within this environment.","[[""Cladosporium_nigrellum"", ""utilizes_as_host"", ""Populus_tremula""], [""Cladosporium_nigrellum"", ""utilizes_as_host"", ""Fagus_sylvatica""], [""Cladosporium_nigrellum"", ""utilizes_as_host"", ""Saxifraga_sibirica""], [""Populus_tremula"", ""is_host_for"", ""Cladosporium_nigrellum""], [""Populus_tremula"", ""interacts_with"", ""Zeugophora_flavicollis""], [""Zeugophora_flavicollis"", ""feeds_on"", ""Salix_alba""], [""Populus_tremula"", ""interacts_with"", ""Dothiora_sphaerioides""], [""Populus_tremula"", ""interacts_with"", ""Peniophora_violaceolivida""], [""Saxifraga_sibirica"", ""is_host_for"", ""Cladosporium_nigrellum""], [""Saxifraga_sibirica"", ""interacts_with"", ""Woodsia_alpina""], [""Saxifraga_sibirica"", ""interacts_with"", ""Adoxa_moschatellina""]]"
2,"Tanacetum vulgare interacts with various species, including Eristalis brousii, Nodulosphaeria dolioloides, and Eristalis tenax, contributing to a complex ecological network. Meanwhile, Centaurea scabiosa is another plant involved in interactions with species like Golovinomyces cichoracearum, Trupanea stellata, and Bremia lactucae, highlighting its role in supporting a diverse range of organisms. Coelopencyrtus arenarius is a parasite of several Hylaeus species, including Hylaeus nigrita, Hylaeus nigritus, and Hylaeus gibbus, indicating its dependence on these hosts. Among its many roles, Hylaeus nigritus is known to pollinate Centaurea jacea and Centaurea scabiosa, while also visiting the flowers of Tanacetum vulgare. Hylaeus gibbus, another pollinator, helps in the reproduction of plants such as Philadelphus incanus, Erigeron canadensis, and Senecio inaequidens. Together, these interactions weave a rich tapestry of ecological relationships, underscoring the interconnectedness of diverse species within their environments.","[[""Tanacetum_vulgare"", ""interacts_with"", ""Eristalis_brousii""], [""Tanacetum_vulgare"", ""interacts_with"", ""Nodulosphaeria_dolioloides""], [""Tanacetum_vulgare"", ""interacts_with"", ""Eristalis_tenax""], [""Tanacetum_vulgare"", ""contributes_to"", ""complex_ecological_network""], [""Centaurea_scabiosa"", ""interacts_with"", ""Golovinomyces_cichoracearum""], [""Centaurea_scabiosa"", ""interacts_with"", ""Trupanea_stellata""], [""Centaurea_scabiosa"", ""interacts_with"", ""Bremia_lactucae""], [""Centaurea_scabiosa"", ""supports"", ""diverse_range_of_organisms""], [""Coelopencyrtus_arenarius"", ""parasite_of"", ""Hylaeus_nigrita""], [""Coelopencyrtus_arenarius"", ""parasite_of"", ""Hylaeus_nigritus""], [""Coelopencyrtus_arenarius"", ""parasite_of"", ""Hylaeus_gibbus""], [""Hylaeus_nigritus"", ""pollinates"", ""Centaurea_jacea""], [""Hylaeus_nigritus"", ""pollinates"", ""Centaurea_scabiosa""], [""Hylaeus_nigritus"", ""visits"", ""Tanacetum_vulgare""], [""Hylaeus_gibbus"", ""pollinates"", ""Philadelphus_incanus""], [""Hylaeus_gibbus"", ""pollinates"", ""Erigeron_canadensis""], [""Hylaeus_gibbus"", ""pollinates"", ""Senecio_inaequidens""]]","In the intricate web of ecological interactions, Tanacetum vulgare, commonly known as tansy, interacts with Nodulosphaeria dolioloides and the hoverfly Eristalis tenax. Meanwhile, Centaurea scabiosa forms connections with Golovinomyces cichoracearum. The parasitic wasp Coelopencyrtus arenarius is a parasite of several species, including Hylaeus nigrita, Hylaeus nigritus, and Hylaeus gibbus. Hylaeus nigritus not only visits the flowers of Tanacetum vulgare but also plays a role in pollinating Centaurea scabiosa. Hylaeus gibbus engages in pollination activities as well, extending its effects to Philadelphus incanus, Erigeron canadensis, and Senecio inaequidens. Through these interactions, these species contribute to the dynamic processes of pollination, parasitism, and other ecological relationships within their environments.","[[""Tanacetum_vulgare"", ""interacts_with"", ""Nodulosphaeria_dolioloides""], [""Tanacetum_vulgare"", ""interacts_with"", ""Eristalis_tenax""], [""Centaurea_scabiosa"", ""forms_connections_with"", ""Golovinomyces_cichoracearum""], [""Coelopencyrtus_arenarius"", ""parasite_of"", ""Hylaeus_nigrita""], [""Coelopencyrtus_arenarius"", ""parasite_of"", ""Hylaeus_nigritus""], [""Coelopencyrtus_arenarius"", ""parasite_of"", ""Hylaeus_gibbus""], [""Hylaeus_nigritus"", ""visits"", ""Tanacetum_vulgare""], [""Hylaeus_nigritus"", ""pollinates"", ""Centaurea_scabiosa""], [""Hylaeus_gibbus"", ""pollinates"", ""Philadelphus_incanus""], [""Hylaeus_gibbus"", ""pollinates"", ""Erigeron_canadensis""], [""Hylaeus_gibbus"", ""pollinates"", ""Senecio_inaequidens""], [""Tanacetum_vulgare"", ""commonly_known_as"", ""tansy""]]"
3,"Betula pendula is a versatile species that interacts with various organisms such as Euceraphis punctipennis and Cortinarius armillatus, and also creates a habitat for Nyctalus leisleri. Euceraphis punctipennis continues its interactions with Alnus rubra and Betula alleghaniensis, showing a connection between multiple tree species. Nyctalus leisleri benefits not only from the habitat provided by Betula pendula but also feeds on a range of species including Eupsilia transversa, Sabra harpagula, and Agrotis ipsilon. Eupsilia transversa has a diet that includes Prunus padus, and it utilizes Tilia platyphyllos and Corylus avellana as host plants. Meanwhile, Sabra harpagula finds hosts in Tilia cordata and Quercus cerris. Furthermore, Fomitopsis rufolaccata, a fungus, has host relationships with Betula pendula, Picea schrenkiana, and Cedrus deodara, showcasing the interconnectedness of this ecosystem.","[[""Betula_pendula"", ""interacts_with"", ""Euceraphis_punctipennis""], [""Betula_pendula"", ""interacts_with"", ""Cortinarius_armillatus""], [""Betula_pendula"", ""creates_habitat_for"", ""Nyctalus_leisleri""], [""Euceraphis_punctipennis"", ""interacts_with"", ""Alnus_rubra""], [""Euceraphis_punctipennis"", ""interacts_with"", ""Betula_alleghaniensis""], [""Nyctalus_leisleri"", ""benefits_from"", ""Betula_pendula""], [""Nyctalus_leisleri"", ""feeds_on"", ""Eupsilia_transversa""], [""Nyctalus_leisleri"", ""feeds_on"", ""Sabra_harpagula""], [""Nyctalus_leisleri"", ""feeds_on"", ""Agrotis_ipsilon""], [""Eupsilia_transversa"", ""feeds_on"", ""Prunus_padus""], [""Eupsilia_transversa"", ""utilizes_as_host"", ""Tilia_platyphyllos""], [""Eupsilia_transversa"", ""utilizes_as_host"", ""Corylus_avellana""], [""Sabra_harpagula"", ""finds_host_in"", ""Tilia_cordata""], [""Sabra_harpagula"", ""finds_host_in"", ""Quercus_cerris""], [""Fomitopsis_rufolaccata"", ""has_host_relationship_with"", ""Betula_pendula""], [""Fomitopsis_rufolaccata"", ""has_host_relationship_with"", ""Picea_schrenkiana""], [""Fomitopsis_rufolaccata"", ""has_host_relationship_with"", ""Cedrus_deodara""]]","Betula pendula plays a multifaceted role in its ecosystem by interacting with organisms such as Euceraphis punctipennis and Cortinarius armillatus. This birch species also creates habitats for Nyctalus leisleri, a bat known for its dietary preference that includes Eupsilia transversa, Sabra harpagula, and Agrotis ipsilon. Euceraphis punctipennis, besides interacting with Betula pendula, also interacts with Alnus rubra and Betula alleghaniensis. Eupsilia transversa feeds on Prunus padus and finds hosts in Tilia platyphyllos and Corylus avellana. Fomitopsis rufolaccata uses Betula pendula, Picea schrenkiana, and Cedrus deodara as hosts in its lifecycle. Meanwhile, Sabra harpagula establishes a host relationship with Tilia cordata and Quercus cerris. The interaction among these diverse species highlights the intricate and interdependent relationships within their shared environment.","[[""Betula_pendula"", ""interacts_with"", ""Euceraphis_punctipennis""], [""Betula_pendula"", ""interacts_with"", ""Cortinarius_armillatus""], [""Betula_pendula"", ""creates_habitat_for"", ""Nyctalus_leisleri""], [""Euceraphis_punctipennis"", ""interacts_with"", ""Alnus_rubra""], [""Euceraphis_punctipennis"", ""interacts_with"", ""Betula_alleghaniensis""], [""Nyctalus_leisleri"", ""feeds_on"", ""Eupsilia_transversa""], [""Nyctalus_leisleri"", ""feeds_on"", ""Sabra_harpagula""], [""Nyctalus_leisleri"", ""feeds_on"", ""Agrotis_ipsilon""], [""Eupsilia_transversa"", ""feeds_on"", ""Prunus_padus""], [""Eupsilia_transversa"", ""finds_host_in"", ""Tilia_platyphyllos""], [""Eupsilia_transversa"", ""finds_host_in"", ""Corylus_avellana""], [""Sabra_harpagula"", ""establishes_host_relationship_with"", ""Tilia_cordata""], [""Sabra_harpagula"", ""establishes_host_relationship_with"", ""Quercus_cerris""], [""Fomitopsis_rufolaccata"", ""uses_as_host"", ""Betula_pendula""], [""Fomitopsis_rufolaccata"", ""uses_as_host"", ""Picea_schrenkiana""], [""Fomitopsis_rufolaccata"", ""uses_as_host"", ""Cedrus_deodara""]]"
4,"Helianthus annuus engages in a mutualistic relationship with Diadasia enavata, highlighting a beneficial interaction between these species. Helianthus annuus also exhibits interactions with Sarcobatus vermiculatus and Euphorbia dentata, indicating its ecological connectivity with these plants. Sarcobatus vermiculatus further interacts with Ceratocephala orthoceras and Artemisia tridentata, showcasing its role in a broader web of plant interactions. Diadasia enavata supplements its ecological role by consuming Helminthotheca echioides and having Helianthus petiolaris as a host species, emphasizing its diverse ecological relationships. Moreover, Diadasia enavata is found adjacent to Monarda citriodora, illustrating spatial proximity. Complementing the ecological web, Hahncappsia coloradensis also interacts with Helianthus annuus, further accentuating the interconnected nature of these species within their habitat.","[[""Helianthus_annuus"", ""mutualistic_relationship_with"", ""Diadasia_enavata""], [""Helianthus_annuus"", ""interacts_with"", ""Sarcobatus_vermiculatus""], [""Helianthus_annuus"", ""interacts_with"", ""Euphorbia_dentata""], [""Sarcobatus_vermiculatus"", ""interacts_with"", ""Ceratocephala_orthoceras""], [""Sarcobatus_vermiculatus"", ""interacts_with"", ""Artemisia_tridentata""], [""Diadasia_enavata"", ""consumes"", ""Helminthotheca_echioides""], [""Diadasia_enavata"", ""has_host_species"", ""Helianthus_petiolaris""], [""Diadasia_enavata"", ""found_adjacent_to"", ""Monarda_citriodora""], [""Hahncappsia_coloradensis"", ""interacts_with"", ""Helianthus_annuus""]]","Helianthus annuus is a species that interacts with Euphorbia dentata, highlighting their ecological connection. Sarcobatus vermiculatus is involved in interactions with both Ceratocephala orthoceras and Artemisia tridentata, indicating its role in the ecosystem. The species Diadasia enavata, a type of bee, feeds on Helminthotheca echioides and has Helianthus petiolaris as a host. This bee is also known to be adjacent to Monarda citriodora, suggesting close proximity or possible interactions. Lastly, Hahncappsia coloradensis interacts with Helianthus annuus, further emphasizing the complex web of interactions among these species.","[[""Helianthus_annuus"", ""interacts_with"", ""Euphorbia_dentata""], [""Sarcobatus_vermiculatus"", ""interacts_with"", ""Ceratocephala_orthoceras""], [""Sarcobatus_vermiculatus"", ""interacts_with"", ""Artemisia_tridentata""], [""Diadasia_enavata"", ""feeds_on"", ""Helminthotheca_echioides""], [""Diadasia_enavata"", ""has_host"", ""Helianthus_petiolaris""], [""Diadasia_enavata"", ""adjacent_to"", ""Monarda_citriodora""], [""Hahncappsia_coloradensis"", ""interacts_with"", ""Helianthus_annuus""]]"
5,"Chimpanzee associated porprismacovirus 2 is a virus that hosts in Pan troglodytes, also known as the chimpanzee. These chimpanzees have a diverse diet that includes consuming Xylopia quintasii, Cynometra alexandri, and Bridelia scleroneura. Interestingly, Xylopia quintasii serves as a key plant in this ecosystem, having vectors such as Lophoceros fasciatus, Cercopithecus neglectus, and Tauraco persa for its propagation. Furthermore, Lophoceros fasciatus, a significant vector for Xylopia quintasii, feeds on several plants including Celtis toka, Ficus platyphylla, and Strombosia pustulata, illustrating the complex web of interactions within this environmental niche.","[[""Chimpanzee_associated_porprismacovirus_2"", ""hosts_in"", ""Pan_troglodytes""], [""Pan_troglodytes"", ""also_known_as"", ""chimpanzee""], [""Pan_troglodytes"", ""consumes"", ""Xylopia_quintasii""], [""Pan_troglodytes"", ""consumes"", ""Cynometra_alexandri""], [""Pan_troglodytes"", ""consumes"", ""Bridelia_scleroneura""], [""Xylopia_quintasii"", ""key_plant_in"", ""ecosystem""], [""Xylopia_quintasii"", ""has_vector"", ""Lophoceros_fasciatus""], [""Xylopia_quintasii"", ""has_vector"", ""Cercopithecus_neglectus""], [""Xylopia_quintasii"", ""has_vector"", ""Tauraco_persa""], [""Lophoceros_fasciatus"", ""feeds_on"", ""Celtis_toka""], [""Lophoceros_fasciatus"", ""feeds_on"", ""Ficus_platyphylla""], [""Lophoceros_fasciatus"", ""feeds_on"", ""Strombosia_pustulata""], [""Lophoceros_fasciatus"", ""significant_vector_for"", ""Xylopia_quintasii""]]","Chimpanzee associated porprismacovirus 2 is a virus that co-occurs with Pan troglodytes, commonly known as chimpanzees. These primates have a diverse diet, consuming various plant species such as Xylopia quintasii, Cynometra alexandri, and Bridelia scleroneura. Xylopia quintasii is notable for having several vectors including Lophoceros fasciatus, Cercopithecus neglectus, and Tauraco persa. Lophoceros fasciatus, a bird, is known to eat a variety of fruits like Celtis toka, Ficus platyphylla, and Strombosia pustulata. This interconnected web of species interactions highlights the complex ecological relationships present in their environment.","[[""Chimpanzee_associated_porprismacovirus_2"", ""co-occurs_with"", ""Pan_troglodytes""], [""Pan_troglodytes"", ""commonly_known_as"", ""chimpanzees""], [""Pan_troglodytes"", ""consumes"", ""Xylopia_quintasii""], [""Pan_troglodytes"", ""consumes"", ""Cynometra_alexandri""], [""Pan_troglodytes"", ""consumes"", ""Bridelia_scleroneura""], [""Xylopia_quintasii"", ""has_vector"", ""Lophoceros_fasciatus""], [""Xylopia_quintasii"", ""has_vector"", ""Cercopithecus_neglectus""], [""Xylopia_quintasii"", ""has_vector"", ""Tauraco_persa""], [""Lophoceros_fasciatus"", ""eats"", ""Celtis_toka""], [""Lophoceros_fasciatus"", ""eats"", ""Ficus_platyphylla""], [""Lophoceros_fasciatus"", ""eats"", ""Strombosia_pustulata""], [""Lophoceros_fasciatus"", ""type"", ""bird""]]"
6,"The Swine acute diarrhea syndrome related coronavirus is known to interact with various plant species such as Maianthemum canadense and Rosa arkansana. In addition to its interactions with plant species, it also has Quercus fusiformis as a host. Rosa arkansana further interacts with species including Dasineura rhodophaga, Pediomelum argophyllum, and Pulsatilla patens. Pulsatilla patens itself interacts with other plant species like Juniperus communis and Arctostaphylos uva-ursi. Meanwhile, Mesopolobus citrinus acts as a parasite to several organisms, including Swine acute diarrhea syndrome related coronavirus, Rabdophaga saliciperda, and Molinia caerulea. Rabdophaga saliciperda is associated with Salix alba as its host.","[[""Swine_acute_diarrhea_syndrome_related_coronavirus"", ""interacts_with"", ""Maianthemum_canadense""], [""Swine_acute_diarrhea_syndrome_related_coronavirus"", ""interacts_with"", ""Rosa_arkansana""], [""Swine_acute_diarrhea_syndrome_related_coronavirus"", ""has_host"", ""Quercus_fusiformis""], [""Rosa_arkansana"", ""interacts_with"", ""Dasineura_rhodophaga""], [""Rosa_arkansana"", ""interacts_with"", ""Pediomelum_argophyllum""], [""Rosa_arkansana"", ""interacts_with"", ""Pulsatilla_patens""], [""Pulsatilla_patens"", ""interacts_with"", ""Juniperus_communis""], [""Pulsatilla_patens"", ""interacts_with"", ""Arctostaphylos_uva-ursi""], [""Mesopolobus_citrinus"", ""parasite_of"", ""Swine_acute_diarrhea_syndrome_related_coronavirus""], [""Mesopolobus_citrinus"", ""parasite_of"", ""Rabdophaga_saliciperda""], [""Mesopolobus_citrinus"", ""parasite_of"", ""Molinia_caerulea""], [""Rabdophaga_saliciperda"", ""has_host"", ""Salix_alba""]]","The Swine acute diarrhea syndrome related coronavirus is known to interact with several species, including Maianthemum canadense and Rosa arkansana. It also has Quercus fusiformis as a host. Interestingly, Rosa arkansana itself interacts with species such as Dasineura rhodophaga, Pediomelum argophyllum, and Pulsatilla patens. Moreover, the latter species, Pulsatilla patens, interacts with Juniperus communis and Arctostaphylos uva-ursi. In the web of interactions, Mesopolobus citrinus acts as a parasite to Rabdophaga saliciperda, Molinia caerulea, and the Swine acute diarrhea syndrome related coronavirus. Rabdophaga saliciperda is additionally hosted by Salix alba, creating intricate relationships within this ecosystem.","[[""Swine_acute_diarrhea_syndrome_related_coronavirus"", ""interacts_with"", ""Maianthemum_canadense""], [""Swine_acute_diarrhea_syndrome_related_coronavirus"", ""interacts_with"", ""Rosa_arkansana""], [""Swine_acute_diarrhea_syndrome_related_coronavirus"", ""has_host"", ""Quercus_fusiformis""], [""Rosa_arkansana"", ""interacts_with"", ""Dasineura_rhodophaga""], [""Rosa_arkansana"", ""interacts_with"", ""Pediomelum_argophyllum""], [""Rosa_arkansana"", ""interacts_with"", ""Pulsatilla_patens""], [""Pulsatilla_patens"", ""interacts_with"", ""Juniperus_communis""], [""Pulsatilla_patens"", ""interacts_with"", ""Arctostaphylos_uva-ursi""], [""Mesopolobus_citrinus"", ""parasite_of"", ""Rabdophaga_saliciperda""], [""Mesopolobus_citrinus"", ""parasite_of"", ""Molinia_caerulea""], [""Mesopolobus_citrinus"", ""parasite_of"", ""Swine_acute_diarrhea_syndrome_related_coronavirus""], [""Rabdophaga_saliciperda"", ""has_host"", ""Salix_alba""]]"
7,"Clinopodium nubigenum is associated as a vector with Tapirus pinchaque, highlighting a unique connection in their ecosystem. Acrocephalus arundinaceus interacts with Acrocephalus stentoreus, indicating possible interspecies connections or shared habitats. Gallibacterium salpingitidis is noted to have hosts such as Anas platyrhynchos and Bos taurus, showcasing its adaptability in infecting different species. Furthermore, Gallibacterium salpingitidis acts as a pathogen to Anser anser, suggesting its potential impact on this species. Elymus lanceolatus commonly co-occurs with Glechoma hederacea and Pilosella officinarum, which indicates a shared ecological niche or environment. Bos taurus, aside from interacting with Lespedeza cuneata, consumes Elymus lanceolatus and Clinopodium nubigenum, reflecting its dietary habits. Anas platyrhynchos feeds on Hordeum vulgare and Beckmannia syzigachne, while also interacting with Phalacrocorax auritus, suggesting interactions within its habitat. Anser anser co-occurs with Acrocephalus arundinaceus and feeds on plants including Sagittaria guayanensis and Ipomoea aquatica, indicating diverse dietary preferences within its environment. This network of interactions and dietary habits among these species paints a vivid picture of ecological interdependencies and co-occurrences in their respective habitats.","[[""Clinopodium_nubigenum"", ""associated_with"", ""Tapirus_pinchaque""], [""Acrocephalus_arundinaceus"", ""interacts_with"", ""Acrocephalus_stentoreus""], [""Gallibacterium_salpingitidis"", ""has_host"", ""Anas_platyrhynchos""], [""Gallibacterium_salpingitidis"", ""has_host"", ""Bos_taurus""], [""Gallibacterium_salpingitidis"", ""acts_as_pathogen_to"", ""Anser_anser""], [""Elymus_lanceolatus"", ""co_occurs_with"", ""Glechoma_hederacea""], [""Elymus_lanceolatus"", ""co_occurs_with"", ""Pilosella_officinarum""], [""Bos_taurus"", ""interacts_with"", ""Lespedeza_cuneata""], [""Bos_taurus"", ""consumes"", ""Elymus_lanceolatus""], [""Bos_taurus"", ""consumes"", ""Clinopodium_nubigenum""], [""Anas_platyrhynchos"", ""feeds_on"", ""Hordeum_vulgare""], [""Anas_platyrhynchos"", ""feeds_on"", ""Beckmannia_syzigachne""], [""Anas_platyrhynchos"", ""interacts_with"", ""Phalacrocorax_auritus""], [""Anser_anser"", ""co_occurs_with"", ""Acrocephalus_arundinaceus""], [""Anser_anser"", ""feeds_on"", ""Sagittaria_guayanensis""], [""Anser_anser"", ""feeds_on"", ""Ipomoea_aquatica""]]","Acrocephalus arundinaceus interacts with Acrocephalus stentoreus, indicating a dynamic relationship between these two bird species. On another note, Gallibacterium salpingitidis is known to have Anas platyrhynchos as its host, establishing a parasitic relationship with this duck species, which interestingly consumes Beckmannia syzigachne as part of its diet. Meanwhile, Elymus lanceolatus exhibits a co-occurrence pattern with two different plant species: Glechoma hederacea and Pilosella officinarum. This suggests potential ecological interactions and shared habitats among these species.","[[""Acrocephalus_arundinaceus"", ""interacts_with"", ""Acrocephalus_stentoreus""], [""Gallibacterium_salpingitidis"", ""has_host"", ""Anas_platyrhynchos""], [""Anas_platyrhynchos"", ""consumes"", ""Beckmannia_syzigachne""], [""Elymus_lanceolatus"", ""co_occurs_with"", ""Glechoma_hederacea""], [""Elymus_lanceolatus"", ""co_occurs_with"", ""Pilosella_officinarum""]]"
8,"Rubus flagellaris demonstrates interactions with various species, including Coelioxys sayi, Zodion fulvifrons, and Oplismenus hirtellus. Among these interactions, Coelioxys sayi further connects with Justicia americana, Helianthus occidentalis, and Pediomelum tenuiflorum, adding depth to the ecological network. Furthermore, Zodion fulvifrons not only interacts with Erigeron philadelphicus but also actively consumes Scutellaria lateriflora. Meanwhile, Rubus flagellaris is subject to consumption by Diptacus gigantorhynchus, which also feeds on Prunus persica, indicating a complex food web within this ecological landscape.","[[""Rubus_flagellaris"", ""interacts_with"", ""Coelioxys_sayi""], [""Rubus_flagellaris"", ""interacts_with"", ""Zodion_fulvifrons""], [""Rubus_flagellaris"", ""interacts_with"", ""Oplismenus_hirtellus""], [""Coelioxys_sayi"", ""interacts_with"", ""Justicia_americana""], [""Coelioxys_sayi"", ""interacts_with"", ""Helianthus_occidentalis""], [""Coelioxys_sayi"", ""interacts_with"", ""Pediomelum_tenuiflorum""], [""Zodion_fulvifrons"", ""interacts_with"", ""Erigeron_philadelphicus""], [""Zodion_fulvifrons"", ""consumes"", ""Scutellaria_lateriflora""], [""Rubus_flagellaris"", ""consumed_by"", ""Diptacus_gigantorhynchus""], [""Diptacus_gigantorhynchus"", ""consumes"", ""Prunus_persica""]]","Rubus flagellaris interacts with various species such as Coelioxys sayi, Zodion fulvifrons, and Oplismenus hirtellus, indicating its significance in ecological networks. Coelioxys sayi further interacts with a diverse array of species including Justicia americana, Helianthus occidentalis, and Pediomelum tenuiflorum, highlighting its role in fostering biodiversity. Zodion fulvifrons interacts with Erigeron philadelphicus and has a dietary relationship with Scutellaria lateriflora. Interestingly, Diptacus gigantorhynchus is known to feed on both Rubus flagellaris and Prunus persica, showcasing a complex interdependence within this ecological community.","[[""Rubus_flagellaris"", ""interacts_with"", ""Coelioxys_sayi""], [""Rubus_flagellaris"", ""interacts_with"", ""Zodion_fulvifrons""], [""Rubus_flagellaris"", ""interacts_with"", ""Oplismenus_hirtellus""], [""Coelioxys_sayi"", ""interacts_with"", ""Justicia_americana""], [""Coelioxys_sayi"", ""interacts_with"", ""Helianthus_occidentalis""], [""Coelioxys_sayi"", ""interacts_with"", ""Pediomelum_tenuiflorum""], [""Zodion_fulvifrons"", ""interacts_with"", ""Erigeron_philadelphicus""], [""Zodion_fulvifrons"", ""dietary_relationship_with"", ""Scutellaria_lateriflora""], [""Diptacus_gigantorhynchus"", ""feeds_on"", ""Rubus_flagellaris""], [""Diptacus_gigantorhynchus"", ""feeds_on"", ""Prunus_persica""]]"
9,"Morone saxatilis, commonly known as striped bass, displays predatory behavior by consuming Alosa sapidissima and preying on both Fundulus seminolis and Symphurus plagiusa. Meanwhile, Scorpaenichthys marmoratus, known as cabezon, is involved in a complex web of interactions; it feeds on Haliotis kamtschatkana and interacts with Engraulis mordax, as well as Morone saxatilis. Anoplopoma fimbria, or sablefish, preys on Pasiphaea pacifica and Scorpaenichthys marmoratus while feeding on Thysanoessa inermis. This species, Thysanoessa inermis, a type of krill, co-occurs with Meganyctiphanes norvegica and consumes Calanus hyperboreus and Calanus finmarchicus. Notably, Calanus hyperboreus itself preys on Calanus glacialis. Meganyctiphanes norvegica is known to prey on Metridia lucens. Completing this intricate food web, Astarte compacta feeds on Neocrangon communis and preys on Anoplopoma fimbria. The interplay of these various organisms highlights the complexity and interdependence found within marine ecosystems.","[[""Morone_saxatilis"", ""known_as"", ""striped_bass""], [""Morone_saxatilis"", ""consumes"", ""Alosa_sapidissima""], [""Morone_saxatilis"", ""preys_on"", ""Fundulus_seminolis""], [""Morone_saxatilis"", ""preys_on"", ""Symphurus_plagiusa""], [""Scorpaenichthys_marmoratus"", ""known_as"", ""cabezon""], [""Scorpaenichthys_marmoratus"", ""feeds_on"", ""Haliotis_kamtschatkana""], [""Scorpaenichthys_marmoratus"", ""interacts_with"", ""Engraulis_mordax""], [""Scorpaenichthys_marmoratus"", ""interacts_with"", ""Morone_saxatilis""], [""Anoplopoma_fimbria"", ""known_as"", ""sablefish""], [""Anoplopoma_fimbria"", ""preys_on"", ""Pasiphaea_pacifica""], [""Anoplopoma_fimbria"", ""preys_on"", ""Scorpaenichthys_marmoratus""], [""Anoplopoma_fimbria"", ""feeds_on"", ""Thysanoessa_inermis""], [""Thysanoessa_inermis"", ""type_of"", ""krill""], [""Thysanoessa_inermis"", ""co-occurs_with"", ""Meganyctiphanes_norvegica""], [""Thysanoessa_inermis"", ""consumes"", ""Calanus_hyperboreus""], [""Thysanoessa_inermis"", ""consumes"", ""Calanus_finnarchicus""], [""Calanus_hyperboreus"", ""preys_on"", ""Calanus_glacialis""], [""Meganyctiphanes_norvegica"", ""preys_on"", ""Metridia_lucens""], [""Astarte_compacta"", ""feeds_on"", ""Neocrangon_communis""], [""Astarte_compacta"", ""preys_on"", ""Anoplopoma_fimbria""]]",Scorpaenichthys marmoratus is a species that interacts with Engraulis mordax and Morone saxatilis. These interactions may occur in aquatic ecosystems where these species coexist and influence each other's ecological roles and behaviors.,"[[""Scorpaenichthys_marmoratus"", ""interacts_with"", ""Engraulis_mordax""], [""Scorpaenichthys_marmoratus"", ""interacts_with"", ""Morone_saxatilis""], [""Scorpaenichthys_marmoratus"", ""coexists_with"", ""Engraulis_mordax""], [""Scorpaenichthys_marmoratus"", ""coexists_with"", ""Morone_saxatilis""], [""Engraulis_mordax"", ""coexists_with"", ""Scorpaenichthys_marmoratus""], [""Engraulis_mordax"", ""coexists_with"", ""Morone_saxatilis""], [""Morone_saxatilis"", ""coexists_with"", ""Scorpaenichthys_marmoratus""], [""Morone_saxatilis"", ""coexists_with"", ""Engraulis_mordax""]]"
10,"Septoria caricinella is a species known to host multiple Carex species including Carex nardina, Carex muehlenbergii, and Carex straminea. Carex nardina interacts with species such as Luzula nivalis, Carex lachenalii, and Dryas octopetala. Luzula nivalis further communicates with Saxifraga cernua, Arctostaphylos uva-ursi, and Vaccinium vitis-idaea. Meanwhile, Carex lachenalii has interactions with Ranunculus eschscholtzii. Carex muehlenbergii shows interactions with Iziphya flabella, Calendra medoraensis, and Sphenophorus costicollis. Dryas octopetala, interacting with Boletus edulis and Vaccinium uliginosum, also shares ecological relations with Drymeia segnis. This species Drymeia segnis is known to pollinate Silene acaulis. This intricate web of interactions highlights the dynamic relationships among these species.",[],"Septoria caricinella is known to have several hosts, including Carex nardina, Carex muehlenbergii, and Carex straminea. Carex nardina interacts with a variety of species such as Luzula nivalis, Carex cherokeensis, and Dryas octopetala. Luzula nivalis is involved in interactions with Saxifraga cernua, Rigiolepis macrophylla, and Vaccinium vitis-idaea. Meanwhile, Carex cherokeensis has interactions with Ranunculus eschscholtzii. Dryas octopetala shows ecological relationships with Drymeia segnis and interacts with Boletus edulis and Vaccinium uliginosum. On the other hand, Drymeia segnis is responsible for pollinating Polycarpon tetraphyllum. Carex muehlenbergii interacts with several species, including Iziphya flabella, Calendra medoraensis, and Xyleborus canarivorus, contributing to the complex web of ecological interactions within these environments.",[]
11,"Torula ligniperda, a species often associated with various host plants, has been observed on Liquidambar styraciflua, Betula alleghaniensis, and Liriodendron tulipifera. Liquidambar styraciflua exhibits interactions with Euonymus americanus and Quercus nigra while also engaging with Sanicula canadensis. Furthermore, Sanicula canadensis interacts with Impatiens pallida, Rubus phoenicolasius, and Smilax rotundifolia, highlighting its diverse ecological connections within its habitat. This network of interactions underscores the complex relationships in the ecosystem among plant species and Torula ligniperda.",[],"Torula ligniperda is a species known to use several trees as hosts, including Liquidambar styraciflua, Betula alleghaniensis, and Liriodendron tulipifera. Liquidambar styraciflua, in turn, engages in interactions with multiple plants such as Euonymus americanus, Quercus nigra, and Sanicula canadensis. Sanicula canadensis is also known to interact with other species, including Impatiens pallida, Rubus phoenicolasius, and Smilax rotundifolia. These interactions illustrate the complex web of ecological relationships within their respective environments.",[]
10,"Septoria caricinella is a species known to host multiple Carex species including Carex nardina, Carex muehlenbergii, and Carex straminea. Carex nardina interacts with species such as Luzula nivalis, Carex lachenalii, and Dryas octopetala. Luzula nivalis further communicates with Saxifraga cernua, Arctostaphylos uva-ursi, and Vaccinium vitis-idaea. Meanwhile, Carex lachenalii has interactions with Ranunculus eschscholtzii. Carex muehlenbergii shows interactions with Iziphya flabella, Calendra medoraensis, and Sphenophorus costicollis. Dryas octopetala, interacting with Boletus edulis and Vaccinium uliginosum, also shares ecological relations with Drymeia segnis. This species Drymeia segnis is known to pollinate Silene acaulis. This intricate web of interactions highlights the dynamic relationships among these species.",[],"Septoria caricinella is known to have several hosts, including Carex nardina, Carex muehlenbergii, and Carex straminea. Carex nardina interacts with a variety of species such as Luzula nivalis, Carex cherokeensis, and Dryas octopetala. Luzula nivalis is involved in interactions with Saxifraga cernua, Rigiolepis macrophylla, and Vaccinium vitis-idaea. Meanwhile, Carex cherokeensis has interactions with Ranunculus eschscholtzii. Dryas octopetala shows ecological relationships with Drymeia segnis and interacts with Boletus edulis and Vaccinium uliginosum. On the other hand, Drymeia segnis is responsible for pollinating Polycarpon tetraphyllum. Carex muehlenbergii interacts with several species, including Iziphya flabella, Calendra medoraensis, and Xyleborus canarivorus, contributing to the complex web of ecological interactions within these environments.",[]
11,"Torula ligniperda, a species often associated with various host plants, has been observed on Liquidambar styraciflua, Betula alleghaniensis, and Liriodendron tulipifera. Liquidambar styraciflua exhibits interactions with Euonymus americanus and Quercus nigra while also engaging with Sanicula canadensis. Furthermore, Sanicula canadensis interacts with Impatiens pallida, Rubus phoenicolasius, and Smilax rotundifolia, highlighting its diverse ecological connections within its habitat. This network of interactions underscores the complex relationships in the ecosystem among plant species and Torula ligniperda.",[],"Torula ligniperda is a species known to use several trees as hosts, including Liquidambar styraciflua, Betula alleghaniensis, and Liriodendron tulipifera. Liquidambar styraciflua, in turn, engages in interactions with multiple plants such as Euonymus americanus, Quercus nigra, and Sanicula canadensis. Sanicula canadensis is also known to interact with other species, including Impatiens pallida, Rubus phoenicolasius, and Smilax rotundifolia. These interactions illustrate the complex web of ecological relationships within their respective environments.",[]
10,"Septoria caricinella is a species known to host multiple Carex species including Carex nardina, Carex muehlenbergii, and Carex straminea. Carex nardina interacts with species such as Luzula nivalis, Carex lachenalii, and Dryas octopetala. Luzula nivalis further communicates with Saxifraga cernua, Arctostaphylos uva-ursi, and Vaccinium vitis-idaea. Meanwhile, Carex lachenalii has interactions with Ranunculus eschscholtzii. Carex muehlenbergii shows interactions with Iziphya flabella, Calendra medoraensis, and Sphenophorus costicollis. Dryas octopetala, interacting with Boletus edulis and Vaccinium uliginosum, also shares ecological relations with Drymeia segnis. This species Drymeia segnis is known to pollinate Silene acaulis. This intricate web of interactions highlights the dynamic relationships among these species.","[[""Septoria_caricinella"", ""host_of"", ""Carex_nardina""], [""Septoria_caricinella"", ""host_of"", ""Carex_muehlenbergii""], [""Septoria_caricinella"", ""host_of"", ""Carex_straminea""], [""Carex_nardina"", ""interacts_with"", ""Luzula_nivalis""], [""Carex_nardina"", ""interacts_with"", ""Carex_lachenalii""], [""Carex_nardina"", ""interacts_with"", ""Dryas_octopetala""], [""Luzula_nivalis"", ""interacts_with"", ""Saxifraga_cernua""], [""Luzula_nivalis"", ""interacts_with"", ""Arctostaphylos_uva-ursi""], [""Luzula_nivalis"", ""interacts_with"", ""Vaccinium_vitis-idaea""], [""Carex_lachenalii"", ""interacts_with"", ""Ranunculus_eschscholtzii""], [""Carex_muehlenbergii"", ""interacts_with"", ""Iziphya_flabella""], [""Carex_muehlenbergii"", ""interacts_with"", ""Calendra_medoraensis""], [""Carex_muehlenbergii"", ""interacts_with"", ""Sphenophorus_costicollis""], [""Dryas_octopetala"", ""interacts_with"", ""Boletus_edulis""], [""Dryas_octopetala"", ""interacts_with"", ""Vaccinium_uliginosum""], [""Dryas_octopetala"", ""interacts_with"", ""Drymeia_segnis""], [""Drymeia_segnis"", ""pollinates"", ""Silene_acaulis""]]","Septoria caricinella is known to have several hosts, including Carex nardina, Carex muehlenbergii, and Carex straminea. Carex nardina interacts with a variety of species such as Luzula nivalis, Carex cherokeensis, and Dryas octopetala. Luzula nivalis is involved in interactions with Saxifraga cernua, Rigiolepis macrophylla, and Vaccinium vitis-idaea. Meanwhile, Carex cherokeensis has interactions with Ranunculus eschscholtzii. Dryas octopetala shows ecological relationships with Drymeia segnis and interacts with Boletus edulis and Vaccinium uliginosum. On the other hand, Drymeia segnis is responsible for pollinating Polycarpon tetraphyllum. Carex muehlenbergii interacts with several species, including Iziphya flabella, Calendra medoraensis, and Xyleborus canarivorus, contributing to the complex web of ecological interactions within these environments.","[[""Septoria_caricinella"", ""host_of"", ""Carex_nardina""], [""Septoria_caricinella"", ""host_of"", ""Carex_muehlenbergii""], [""Septoria_caricinella"", ""host_of"", ""Carex_straminea""], [""Carex_nardina"", ""interacts_with"", ""Luzula_nivalis""], [""Carex_nardina"", ""interacts_with"", ""Carex_cherokeensis""], [""Carex_nardina"", ""interacts_with"", ""Dryas_octopetala""], [""Luzula_nivalis"", ""interacts_with"", ""Saxifraga_cernua""], [""Luzula_nivalis"", ""interacts_with"", ""Rigiolepis_macrophylla""], [""Luzula_nivalis"", ""interacts_with"", ""Vaccinium_vitis-idaea""], [""Carex_cherokeensis"", ""interacts_with"", ""Ranunculus_eschscholtzii""], [""Dryas_octopetala"", ""interacts_with"", ""Drymeia_segnis""], [""Dryas_octopetala"", ""interacts_with"", ""Boletus_edulis""], [""Dryas_octopetala"", ""interacts_with"", ""Vaccinium_uliginosum""], [""Carex_muehlenbergii"", ""interacts_with"", ""Iziphya_flabella""], [""Carex_muehlenbergii"", ""interacts_with"", ""Calendra_medoraensis""], [""Carex_muehlenbergii"", ""interacts_with"", ""Xyleborus_canarivorus""], [""Drymeia_segnis"", ""pollinates"", ""Polycarpon_tetraphyllum""]]"
11,"Torula ligniperda, a species often associated with various host plants, has been observed on Liquidambar styraciflua, Betula alleghaniensis, and Liriodendron tulipifera. Liquidambar styraciflua exhibits interactions with Euonymus americanus and Quercus nigra while also engaging with Sanicula canadensis. Furthermore, Sanicula canadensis interacts with Impatiens pallida, Rubus phoenicolasius, and Smilax rotundifolia, highlighting its diverse ecological connections within its habitat. This network of interactions underscores the complex relationships in the ecosystem among plant species and Torula ligniperda.","[[""Torula_ligniperda"", ""associated_with"", ""Liquidambar_styraciflua""], [""Torula_ligniperda"", ""associated_with"", ""Betula_alleghaniensis""], [""Torula_ligniperda"", ""associated_with"", ""Liriodendron_tulipifera""], [""Liquidambar_styraciflua"", ""interacts_with"", ""Euonymus_americanus""], [""Liquidambar_styraciflua"", ""interacts_with"", ""Quercus_nigra""], [""Liquidambar_styraciflua"", ""interacts_with"", ""Sanicula_canadensis""], [""Sanicula_canadensis"", ""interacts_with"", ""Impatiens_pallida""], [""Sanicula_canadensis"", ""interacts_with"", ""Rubus_phoenicolasius""], [""Sanicula_canadensis"", ""interacts_with"", ""Smilax_rotundifolia""], [""Torula_ligniperda"", ""part_of"", ""ecosystem""], [""plant_species"", ""part_of"", ""ecosystem""], [""ecosystem"", ""has_relationships"", ""Torula_ligniperda""], [""ecosystem"", ""has_relationships"", ""plant_species""]]","Torula ligniperda is a species known to use several trees as hosts, including Liquidambar styraciflua, Betula alleghaniensis, and Liriodendron tulipifera. Liquidambar styraciflua, in turn, engages in interactions with multiple plants such as Euonymus americanus, Quercus nigra, and Sanicula canadensis. Sanicula canadensis is also known to interact with other species, including Impatiens pallida, Rubus phoenicolasius, and Smilax rotundifolia. These interactions illustrate the complex web of ecological relationships within their respective environments.","[[""Torula_ligniperda"", ""uses_as_host"", ""Liquidambar_styraciflua""], [""Torula_ligniperda"", ""uses_as_host"", ""Betula_alleghaniensis""], [""Torula_ligniperda"", ""uses_as_host"", ""Liriodendron_tulipifera""], [""Liquidambar_styraciflua"", ""interacts_with"", ""Euonymus_americanus""], [""Liquidambar_styraciflua"", ""interacts_with"", ""Quercus_nigra""], [""Liquidambar_styraciflua"", ""interacts_with"", ""Sanicula_canadensis""], [""Sanicula_canadensis"", ""interacts_with"", ""Impatiens_pallida""], [""Sanicula_canadensis"", ""interacts_with"", ""Rubus_phoenicolasius""], [""Sanicula_canadensis"", ""interacts_with"", ""Smilax_rotundifolia""], [""Torula_ligniperda"", ""part_of"", ""environment""], [""plant_species"", ""part_of"", ""environment""], [""environment"", ""has_relationships"", ""Torula_ligniperda""], [""environment"", ""has_relationships"", ""plant_species""]]"
12,"Tamaricella jaxartensis is known to consume a variety of plant species, including Tamarix leptostachya, Tamarix ramosissima, and Tamarix elongata. Interestingly, Tamarix ramosissima not only interacts with its relative Tamarix chinensis and Distichlis spicata but is also significant for its vector relationship with Atilax paludinosus. Atilax paludinosus, a versatile species, feeds on Myotomys unisulcatus, Mus minutoides, and the animal Otolemur crassicaudatus. Otolemur crassicaudatus itself has a diet that includes Vachellia karroo and Gallirex porphyreolophus, demonstrating a complex web of feeding relationships within these organisms.","[[""Tamaricella_jaxartensis"", ""consumes"", ""Tamarix_leptostachya""], [""Tamaricella_jaxartensis"", ""consumes"", ""Tamarix_ramosissima""], [""Tamaricella_jaxartensis"", ""consumes"", ""Tamarix_elongata""], [""Tamarix_ramosissima"", ""interacts_with"", ""Tamarix_chinensis""], [""Tamarix_ramosissima"", ""interacts_with"", ""Distichlis_spicata""], [""Tamarix_ramosissima"", ""vector_relationship_with"", ""Atilax_paludinosus""], [""Atilax_paludinosus"", ""feeds_on"", ""Myotomys_unisulcatus""], [""Atilax_paludinosus"", ""feeds_on"", ""Mus_minutoides""], [""Atilax_paludinosus"", ""feeds_on"", ""Otolemur_crassicaudatus""], [""Otolemur_crassicaudatus"", ""feeds_on"", ""Vachellia_karroo""], [""Otolemur_crassicaudatus"", ""feeds_on"", ""Gallirex_porphyreolophus""]]","Tamaricella jaxartensis is an organism that primarily consumes various species of Tamarix, including Tamarix leptostachya, Tamarix ramosissima, and Tamarix elongata. Tamarix ramosissima itself engages in interactions with other species such as Tamarix chinensis and Distichlis spicata. In a different ecological context, Otolemur crassicaudatus feeds on Vachellia karroo and Gallirex porphyreolophus. Meanwhile, another carnivore, Atilax paludinosus, incorporates a diet consisting of Myotomys unisulcatus and Mus minutoides. Each of these entities plays a unique role in their respective ecosystems, exhibiting complex interrelations and dependencies.","[[""Tamaricella_jaxartensis"", ""consumes"", ""Tamarix_leptostachya""], [""Tamaricella_jaxartensis"", ""consumes"", ""Tamarix_ramosissima""], [""Tamaricella_jaxartensis"", ""consumes"", ""Tamarix_elongata""], [""Tamarix_ramosissima"", ""interacts_with"", ""Tamarix_chinensis""], [""Tamarix_ramosissima"", ""interacts_with"", ""Distichlis_spicata""], [""Otolemur_crassicaudatus"", ""feeds_on"", ""Vachellia_karroo""], [""Otolemur_crassicaudatus"", ""feeds_on"", ""Gallirex_porphyreolophus""], [""Atilax_paludinosus"", ""feeds_on"", ""Myotomys_unisulcatus""], [""Atilax_paludinosus"", ""feeds_on"", ""Mus_minutoides""]]"
13,"Medicago sativa is a versatile species with several ecological relationships. It interacts with Agromyza frontella and provides essential nutrients for species such as Ceratina tarsata and Andrena ovatula. Notably, Andrena ovatula also plays a role in pollinating Malus domestica. Perdita obliqua interacts with Medicago sativa and extends its interactions to plants like Sarcomphalus obtusifolius and Prosopis juliflora. Sarcomphalus obtusifolius is known to interact with Prosopis velutina as well as Celtis laevigata, which itself forms ecological connections with Quercus nigra, Forestiera acuminata, and Arundinaria gigantea. Additionally, Sarcomphalus obtusifolius interacts with Descurainia pinnata, a plant that engages with Halictus confusus, Andrena cressonii, and Sisymbrium irio.","[[""Medicago_sativa"", ""interacts_with"", ""Agromyza_frontella""], [""Medicago_sativa"", ""provides_nutrients_for"", ""Ceratina_tarsata""], [""Medicago_sativa"", ""provides_nutrients_for"", ""Andrena_ovatula""], [""Andrena_ovatula"", ""pollinates"", ""Malus_domestica""], [""Perdita_obliqua"", ""interacts_with"", ""Medicago_sativa""], [""Perdita_obliqua"", ""interacts_with"", ""Sarcomphalus_obtusifolius""], [""Perdita_obliqua"", ""interacts_with"", ""Prosopis_juliflora""], [""Sarcomphalus_obtusifolius"", ""interacts_with"", ""Prosopis_velutina""], [""Sarcomphalus_obtusifolius"", ""interacts_with"", ""Celtis_laevigata""], [""Celtis_laevigata"", ""interacts_with"", ""Quercus_nigra""], [""Celtis_laevigata"", ""interacts_with"", ""Forestiera_acuminata""], [""Celtis_laevigata"", ""interacts_with"", ""Arundinaria_gigantea""], [""Sarcomphalus_obtusifolius"", ""interacts_with"", ""Descurainia_pinnata""], [""Descurainia_pinnata"", ""interacts_with"", ""Halictus_confusus""], [""Descurainia_pinnata"", ""interacts_with"", ""Andrena_cressonii""], [""Descurainia_pinnata"", ""interacts_with"", ""Sisymbrium_irio""]]","Medicago sativa exhibits a variety of interactions and roles within its ecosystem. It interacts with Phytomyza tetrasticha and provides nutrients for Braunsapis angolensis and Andrena ovatula. Perdita obliqua interacts with Medicago sativa, Sarcomphalus obtusifolius, and Phanera apertilobata. Meanwhile, Andrena ovatula contributes to pollinating Alchemilla acutidens. Descurainia pinnata interacts with Lasioglossum affine, Andrena cressonii, and Sisymbrium irio, showing its diverse ecological connections. On another note, Celtis africana interacts with Quercus nigra, Jasminum brevilobum, and Arundinaria gigantea. Sarcomphalus obtusifolius has interactions with Arachis villosa, Celtis africana, and Descurainia pinnata, thus weaving a complex web of interactions among these species.","[[""Medicago_sativa"", ""interacts_with"", ""Phytomyza_tetrasticha""], [""Medicago_sativa"", ""provides_nutrients_for"", ""Braunsapis_angolensis""], [""Medicago_sativa"", ""provides_nutrients_for"", ""Andrena_ovatula""], [""Andrena_ovatula"", ""pollinates"", ""Alchemilla_acutidens""], [""Perdita_obliqua"", ""interacts_with"", ""Medicago_sativa""], [""Perdita_obliqua"", ""interacts_with"", ""Sarcomphalus_obtusifolius""], [""Perdita_obliqua"", ""interacts_with"", ""Phanera_apertilobata""], [""Descurainia_pinnata"", ""interacts_with"", ""Lasioglossum_affine""], [""Descurainia_pinnata"", ""interacts_with"", ""Andrena_cressonii""], [""Descurainia_pinnata"", ""interacts_with"", ""Sisymbrium_irio""], [""Celtis_africana"", ""interacts_with"", ""Quercus_nigra""], [""Celtis_africana"", ""interacts_with"", ""Jasminum_brevilobum""], [""Celtis_africana"", ""interacts_with"", ""Arundinaria_gigantea""], [""Sarcomphalus_obtusifolius"", ""interacts_with"", ""Arachis_villosa""], [""Sarcomphalus_obtusifolius"", ""interacts_with"", ""Celtis_africana""], [""Sarcomphalus_obtusifolius"", ""interacts_with"", ""Descurainia_pinnata""]]"
14,"Olea europaea is a plant species that serves as a host for Tylenchulus semipenetrans and Mesocriconema xenoplax, indicating a potential symbiotic or parasitic relationship. Additionally, Olea europaea relies on Sturnus unicolor for seed dispersal, facilitating its propagation across various regions. Placotettix taeniatifrons interacts with Olea europaea, potentially influencing its ecological dynamics, and also interacts with Hedera maderensis. Beyond these interactions, Placotettix taeniatifrons feeds on Hillia triflora, which can impact local biodiversity. Hedera maderensis demonstrates a complex relational network, where it is a parasite of Platanus orientalis and interacts with Melicytus ramiflorus and Juglans regia, forming an intricate ecological web. Melicytus ramiflorus further plays a role in these dynamics by interacting with Phoenix canariensis, Ulex europaeus, and Homo sapiens, showcasing its multifaceted ecological connections.",[],"Olea europaea, commonly known as the olive tree, utilizes Sturnus unicolor as a dispersal vector for its seeds, ensuring its propagation across different regions. Additionally, Olea europaea serves as a host to the nematode Mesocriconema xenoplax. The interaction between Placotettix taeniatifrons and Olea europaea further highlights the ecological connections of this plant species. Meanwhile, Melicytus ramiflorus exhibits interactions with several other species including Phoenix canariensis, Ulex europaeus, and Homo sapiens, demonstrating its role in various ecological relationships.",[]
14,"Olea europaea is a plant species that serves as a host for Tylenchulus semipenetrans and Mesocriconema xenoplax, indicating a potential symbiotic or parasitic relationship. Additionally, Olea europaea relies on Sturnus unicolor for seed dispersal, facilitating its propagation across various regions. Placotettix taeniatifrons interacts with Olea europaea, potentially influencing its ecological dynamics, and also interacts with Hedera maderensis. Beyond these interactions, Placotettix taeniatifrons feeds on Hillia triflora, which can impact local biodiversity. Hedera maderensis demonstrates a complex relational network, where it is a parasite of Platanus orientalis and interacts with Melicytus ramiflorus and Juglans regia, forming an intricate ecological web. Melicytus ramiflorus further plays a role in these dynamics by interacting with Phoenix canariensis, Ulex europaeus, and Homo sapiens, showcasing its multifaceted ecological connections.","[[""Olea_europaea"", ""host_to"", ""Tylenchulus_semipenetrans""], [""Olea_europaea"", ""host_to"", ""Mesocriconema_xenoplax""], [""Olea_europaea"", ""relies_on"", ""Sturnus_unicolor""], [""Olea_europaea"", ""interacts_with"", ""Placotettix_taaniatifrons""], [""Placotettix_taaniatifrons"", ""interacts_with"", ""Hedera_maderensis""], [""Placotettix_taaniatifrons"", ""feeds_on"", ""Hillia_triflora""], [""Hedera_maderensis"", ""parasite_of"", ""Platanus_orientalis""], [""Hedera_maderensis"", ""interacts_with"", ""Melicytus_ramiflorus""], [""Hedera_maderensis"", ""interacts_with"", ""Juglans_regia""], [""Melicytus_ramiflorus"", ""interacts_with"", ""Phoenix_canariensis""], [""Melicytus_ramiflorus"", ""interacts_with"", ""Ulex_europaeus""], [""Melicytus_ramiflorus"", ""interacts_with"", ""Homo_sapiens""]]","Olea europaea, commonly known as the olive tree, utilizes Sturnus unicolor as a dispersal vector for its seeds, ensuring its propagation across different regions. Additionally, Olea europaea serves as a host to the nematode Mesocriconema xenoplax. The interaction between Placotettix taeniatifrons and Olea europaea further highlights the ecological connections of this plant species. Meanwhile, Melicytus ramiflorus exhibits interactions with several other species including Phoenix canariensis, Ulex europaeus, and Homo sapiens, demonstrating its role in various ecological relationships.","[[""Olea_europaea"", ""utilizes_as_dispersal_vector"", ""Sturnus_unicolor""], [""Olea_europaea"", ""host_to"", ""Mesocriconema_xenoplax""], [""Olea_europaea"", ""interacts_with"", ""Placotettix_taaniatifrons""], [""Melicytus_ramiflorus"", ""interacts_with"", ""Phoenix_canariensis""], [""Melicytus_ramiflorus"", ""interacts_with"", ""Ulex_europaeus""], [""Melicytus_ramiflorus"", ""interacts_with"", ""Homo_sapiens""]]"
15,"Bruchus atomarius is known to interact with various species, having Lathyrus palustris as a host plant and engaging in interactions with Chremylus elaphus and Cecidostiba fungosa. Meanwhile, Bruchus rufipes interacts with species such as Cerceris ruficornis, Pnigalio pectinicornis, and the plant Trigonella foenum-graecum. Triaspis striatula acts as an endoparasitoid to both Bruchus atomarius and Bruchus rufipes, illustrating complex ecological interdependencies. Chremylus elaphus functions as a parasitoid of Bruchus rufimanus and has Tinea pellionella as a host. Pnigalio pectinicornis, a versatile species, acts as a parasite to Syringopais temperatella, Quercus conferta, and Leucoptera malifoliella, showcasing an intricate web of interactions within this ecological framework.","[[""Bruchus_atomarius"", ""interacts_with"", ""Lathyrus_palustris""], [""Bruchus_atomarius"", ""interacts_with"", ""Chremylus_elaphus""], [""Bruchus_atomarius"", ""interacts_with"", ""Cecidostiba_fungosa""], [""Bruchus_rufipes"", ""interacts_with"", ""Cerceris_ruficornis""], [""Bruchus_rufipes"", ""interacts_with"", ""Pnigalio_pectinicornis""], [""Bruchus_rufipes"", ""interacts_with"", ""Trigonella_foenum-graecum""], [""Triaspis_striatula"", ""endoparasitoid_of"", ""Bruchus_atomarius""], [""Triaspis_striatula"", ""endoparasitoid_of"", ""Bruchus_rufipes""], [""Chremylus_elaphus"", ""parasitoid_of"", ""Bruchus_rufimanus""], [""Chremylus_elaphus"", ""has_host"", ""Tinea_pellionella""], [""Pnigalio_pectinicornis"", ""parasite_of"", ""Syringopais_temperatella""], [""Pnigalio_pectinicornis"", ""parasite_of"", ""Quercus_conferta""], [""Pnigalio_pectinicornis"", ""parasite_of"", ""Leucoptera_malifoliella""], [""Lathyrus_palustris"", ""host_plant_of"", ""Bruchus_atomarius""], [""Trigonella_foenum-graecum"", ""interacts_with"", ""Bruchus_rufipes""]]","Bruchus atomarius is an insect species that utilizes Lathyrus palustris as its host plant. This species is also known for its interactions with Chremylus elaphus and Cecidostiba fungosa. In addition to its interactions within its ecosystem, Bruchus atomarius serves as a host for Triaspis striatula, which is an endoparasitoid. Similarly, Bruchus rufipes, another species within the same genus, interacts with Cerceris ruficornis, Dichatomus acerinus, and Trigonella foenum-graecum. Triaspis striatula also acts as an endoparasitoid to Bruchus rufipes. Chremylus elaphus not only interacts with Bruchus atomarius but also functions as a parasitoid of Bruchus rufimanus and utilizes Tinea pellionella as a host. Dichatomus acerinus exhibits parasitic relationships with various species including Syringopais temperatella, Quercus sessilifolia, and Lyonetia castaneella. Through these complex interactions, the ecological network involving Bruchus species, their host plants, predators, and other interacting species is intricately woven.","[[""Bruchus_atomarius"", ""utilizes_as_host"", ""Lathyrus_palustris""], [""Bruchus_atomarius"", ""interacts_with"", ""Chremylus_elaphus""], [""Bruchus_atomarius"", ""interacts_with"", ""Cecidostiba_fungosa""], [""Bruchus_atomarius"", ""host_of"", ""Triaspis_striatula""], [""Triaspis_striatula"", ""endoparasitoid_of"", ""Bruchus_atomarius""], [""Bruchus_rufipes"", ""interacts_with"", ""Cerceris_ruficornis""], [""Bruchus_rufipes"", ""interacts_with"", ""Dichatomus_acerinus""], [""Bruchus_rufipes"", ""interacts_with"", ""Trigonella_foenum-graecum""], [""Triaspis_striatula"", ""endoparasitoid_of"", ""Bruchus_rufipes""], [""Chremylus_elaphus"", ""parasitoid_of"", ""Bruchus_rufimanus""], [""Chremylus_elaphus"", ""utilizes_as_host"", ""Tinea_pellionella""], [""Chremylus_elaphus"", ""interacts_with"", ""Bruchus_atomarius""], [""Dichatomus_acerinus"", ""parasite_of"", ""Syringopais_temperatella""], [""Dichatomus_acerinus"", ""parasite_of"", ""Quercus_sessilifolia""], [""Dichatomus_acerinus"", ""parasite_of"", ""Lyonetia_castaneella""], [""Lathyrus_palustris"", ""host_plant_of"", ""Bruchus_atomarius""], [""Trigonella_foenum-graecum"", ""interacts_with"", ""Bruchus_rufipes""]]"
